country,avg_primary_enrollment_pct,avg_primary_completion_pct,avg_secondary_enrollment_pct,avg_secondary_completion_pct,avg_tertiary_enrollment_pct,avg_tertiary_completion_pct
Afghanistan,94.04,83.72,38.88,46.69,3.77,3.59
Albania,102.81,96.55,83.23,91.75,35.44,2.26
Algeria,111.22,97.51,79.28,70.44,26.03,4.61
American Samoa,111.22,97.51,79.28,70.44,26.03,4.61
Andorra,111.22,97.51,79.28,70.44,26.03,4.61
Angola,114.1,40.99,21.77,18.59,4.7,4.61
Anguilla,114.1,40.99,21.77,18.59,4.7,4.61
Antigua and Barbuda,103.57,102.19,102.52,96.77,17.22,4.61
Argentina,116.43,100.36,98.71,84.28,68.85,3.02
Armenia,99.47,94.69,91.54,92.81,42.1,12.21
Aruba,111.69,94.46,98.66,94.09,29.21,12.21
Australia,103.67,94.46,141.15,94.09,76.5,15.77
Austria,101.4,98.86,99.34,99.7,60.8,8.23
Azerbaijan,97.63,96.13,99.34,85.35,20.67,8.23
Bahamas,106.61,98.85,91.75,93.99,20.67,8.23
Bahrain,98.95,97.96,95.55,94.4,35.74,8.55
Bangladesh,105.41,64.66,50.22,63.01,8.47,2.12
Barbados,98.15,96.61,105.15,100.97,58.52,1.42
Belarus,102.83,103.33,107.63,104.82,73.41,1.42
Belgium,103.35,103.33,129.46,91.0,64.84,16.15
Belize,112.49,101.29,76.15,62.85,19.34,3.24
Benin,108.19,63.01,37.58,32.63,8.39,1.46
Bermuda,94.58,94.39,77.14,84.76,28.73,1.46
Bhutan,97.66,81.29,58.35,62.31,7.11,1.46
Bolivia,109.04,93.36,82.97,88.49,36.95,6.98
Bosnia and Herzegovina,109.04,86.57,82.97,61.21,21.84,6.98
Botswana,107.24,99.08,77.45,92.48,14.95,1.85
Brazil,130.43,109.12,99.87,73.08,34.69,4.35
British Virgin Islands,98.07,95.49,99.87,84.69,55.01,4.35
Brunei,109.31,108.31,96.13,105.27,18.15,5.64
Bulgaria,101.98,97.95,92.93,46.99,53.03,11.54
Burkina Faso,67.72,46.9,19.68,21.35,3.14,11.54
Burundi,102.62,49.27,20.84,22.88,2.7,0.37
Côte dIvoire,102.62,49.27,20.84,22.88,2.7,0.37
Cabo Verde,102.62,49.27,20.84,22.88,2.7,0.37
Cambodia,123.01,84.84,30.59,42.78,7.17,0.78
Cameroon,102.63,65.28,37.63,32.51,9.09,1.2
Canada,98.82,97.82,103.65,32.51,58.88,19.01
Caribbean Netherlands,112.53,95.33,79.57,71.5,12.13,19.01
Cayman Islands,112.53,93.78,79.57,86.38,12.13,19.01
Central African Republic,77.62,36.66,14.5,10.51,2.22,0.83
Chad,77.8,32.75,17.63,13.86,1.69,0.83
Channel Islands,77.8,32.75,17.63,13.86,1.69,0.83
Chile,105.79,97.09,95.52,94.76,61.57,7.23
China,109.41,95.64,78.17,100.05,22.32,2.73
Colombia,122.4,105.39,91.45,77.78,36.76,11.27
Comoros,106.14,68.03,47.63,38.59,6.01,11.27
Congo,107.76,68.76,44.99,37.86,6.64,0.8
Cook Islands,107.76,68.76,44.99,37.86,6.64,0.8
Costa Rica,113.79,96.94,94.63,56.67,46.74,13.21
Croatia,97.12,96.96,95.25,96.16,50.27,8.69
Cuba,99.83,94.51,92.26,91.72,64.26,9.08
Curaçao,99.83,94.51,92.26,91.72,64.26,9.08
Cyprus,100.14,99.49,96.54,96.73,39.56,17.05
Czech Republic (Czechia),100.14,99.49,96.54,96.73,39.56,17.05
Denmark,100.72,100.79,124.38,98.59,74.13,13.94
Djibouti,52.69,52.45,31.4,37.21,2.26,13.94
Dominica,108.95,95.92,104.4,86.24,2.26,13.94
Dominican Republic,107.18,92.8,73.8,78.84,44.42,2.46
DR Congo,107.18,92.8,73.8,78.84,44.42,2.46
Ecuador,113.01,102.15,78.99,79.47,39.68,6.11
Egypt,101.64,93.83,80.22,80.84,29.83,5.38
El Salvador,118.9,94.19,70.36,75.41,25.01,5.62
Equatorial Guinea,91.29,42.35,27.9,22.42,3.23,5.62
Eritrea,58.17,67.0,29.96,45.56,1.67,5.62
Estonia,100.94,99.6,103.3,100.97,66.65,16.82
Eswatini,106.01,80.44,51.82,49.24,4.99,0.87
Ethiopia,82.36,48.78,27.57,27.03,4.34,0.87
Faeroe Islands,103.62,97.62,104.44,93.94,60.87,0.87
Falkland Islands,103.62,97.62,104.44,93.94,60.87,0.87
Fiji,106.63,105.48,86.47,95.92,15.96,6.38
Finland,99.86,99.56,120.89,99.66,90.29,11.64
France,106.65,92.93,110.35,97.52,56.61,9.25
French Guiana,106.65,92.93,110.35,97.52,56.61,9.25
French Polynesia,106.65,92.93,110.35,97.52,56.61,9.25
Gabon,140.05,74.29,52.89,59.27,8.28,5.86
Gambia,88.78,68.82,58.04,53.68,2.46,0.96
Georgia,105.09,105.08,87.3,100.5,36.92,0.96
Germany,104.64,100.43,102.49,100.5,64.93,11.5
Ghana,97.67,80.78,47.93,63.19,10.6,1.65
Gibraltar,97.67,98.28,47.93,92.03,10.6,1.65
Greece,98.5,96.74,99.64,93.31,87.57,18.01
Greenland,98.5,96.74,99.64,93.31,87.57,18.01
Grenada,101.11,113.67,104.67,99.89,71.96,18.01
Guadeloupe,101.11,113.67,104.67,99.89,71.96,18.01
Guam,101.11,113.67,104.67,99.89,71.96,18.01
Guatemala,109.48,76.31,54.52,50.62,16.48,1.09
Guinea,79.27,52.31,29.52,27.14,7.96,1.09
Guinea-Bissau,100.32,46.73,26.79,25.02,2.33,1.09
Guyana,93.43,94.65,91.94,79.36,12.46,0.15
Haiti,93.43,94.65,91.94,79.36,12.46,0.61
Holy See,102.17,98.67,101.53,95.35,67.83,0.61
Honduras,113.23,81.19,68.56,43.69,19.14,2.26
Hong Kong,113.23,103.46,87.36,98.4,51.05,14.96
Hungary,100.21,97.41,99.91,93.23,56.23,12.44
Iceland,99.2,100.24,110.14,98.57,68.84,14.23
India,105.54,89.35,58.89,75.58,16.21,4.41
Indonesia,108.08,98.02,69.66,80.33,21.29,2.54
Iran,104.7,97.74,81.3,84.61,37.03,10.8
Iraq,103.73,67.63,43.66,41.89,14.22,6.95
Ireland,105.44,97.23,113.6,98.93,60.04,21.21
Isle of Man,105.44,97.23,113.6,98.93,60.04,21.21
Israel,104.46,104.62,103.27,101.2,60.04,19.13
Italy,101.98,101.57,99.62,101.33,62.04,5.81
Jamaica,96.64,81.92,88.7,91.19,22.79,7.72
Japan,101.69,81.92,101.54,91.19,56.35,17.65
Jordan,98.87,84.86,88.66,74.3,39.4,3.84
Kazakhstan,105.04,105.12,102.15,102.13,47.39,11.98
Kenya,107.45,93.86,48.15,77.97,3.05,2.83
Kiribati,110.98,110.17,83.69,99.27,3.05,2.83
Kuwait,105.4,96.75,98.0,93.63,23.12,4.62
Kyrgyzstan,99.35,98.89,87.17,90.78,42.85,7.79
Laos,114.07,84.42,45.06,50.26,11.35,2.6
Latvia,99.95,100.48,102.41,98.77,70.94,9.97
Lebanon,106.42,100.48,77.81,98.77,44.81,9.97
Lesotho,113.29,76.5,43.83,37.5,5.4,0.67
Liberia,98.58,63.18,38.88,40.26,13.45,2.22
Libya,110.21,63.18,102.41,40.26,55.84,8.78
Liechtenstein,105.79,100.82,110.13,95.26,33.74,8.78
Lithuania,100.67,101.64,103.1,98.24,74.24,12.56
Luxembourg,99.24,81.68,98.21,101.75,12.84,13.73
Macao,100.13,95.59,96.06,86.99,60.89,7.65
Madagascar,133.56,59.58,30.5,26.6,3.21,7.65
Malawi,135.65,68.45,32.61,20.29,0.49,0.18
Malaysia,100.13,99.78,69.0,85.8,30.84,4.48
Maldives,115.41,107.69,62.83,100.09,10.04,0.22
Mali,74.37,47.71,32.38,29.79,4.56,0.65
Malta,99.97,101.25,96.37,97.25,34.24,8.5
Marshall Islands,111.2,92.76,83.88,97.98,29.57,8.5
Martinique,111.2,92.76,83.88,97.98,29.57,8.5
Mauritania,91.92,61.77,23.05,24.94,4.09,1.08
Mauritius,102.9,98.15,88.01,83.77,26.88,1.46
Mayotte,102.9,98.15,88.01,83.77,26.88,1.46
Mexico,103.85,102.05,80.55,84.98,24.37,8.35
Micronesia,103.85,102.05,80.55,84.98,24.37,8.35
Moldova,96.02,105.36,86.68,104.99,37.55,7.34
Monaco,96.02,105.36,86.68,104.99,37.55,7.34
Mongolia,106.84,96.83,84.43,87.52,48.84,14.48
Montenegro,107.92,93.28,94.86,92.18,30.13,14.48
Montserrat,107.92,93.28,94.86,92.18,30.13,14.48
Morocco,107.68,84.28,52.9,56.09,15.06,4.7
Mozambique,98.09,45.04,19.4,16.92,3.93,0.23
Myanmar,98.06,82.59,44.08,44.0,12.21,3.99
Namibia,110.47,90.09,63.48,65.26,6.96,0.98
Nauru,100.29,110.5,55.6,57.29,6.96,0.98
Nepal,129.03,91.41,53.97,72.36,10.11,1.77
Netherlands,107.47,91.41,124.85,72.36,61.97,13.69
New Caledonia,107.47,91.41,124.85,72.36,61.97,13.69
New Zealand,99.3,91.41,117.49,72.36,77.57,17.31
Nicaragua,118.5,76.21,66.15,55.71,17.73,9.64
Niger,54.94,40.73,12.01,10.33,1.25,0.47
Nigeria,94.0,79.35,37.03,34.02,9.89,0.47
Niue,94.0,79.35,37.03,34.02,9.89,0.47
North Korea,88.31,97.33,97.73,95.27,29.75,0.47
North Macedonia,92.0,92.48,82.7,89.44,33.66,0.47
Northern Mariana Islands,92.0,92.48,82.7,89.44,33.66,0.47
Norway,99.72,99.99,113.31,99.26,74.8,11.1
Oman,98.22,96.69,92.52,95.62,62.33,11.1
Pakistan,86.98,63.11,34.53,41.68,6.96,4.85
Palau,105.99,103.05,102.74,99.86,45.59,4.85
Panama,107.06,94.33,70.76,65.58,42.49,13.47
Papua New Guinea,66.85,59.59,40.35,48.61,42.49,0.59
Paraguay,110.26,90.62,67.61,72.39,27.21,3.04
Peru,112.49,98.25,90.5,85.98,33.78,19.06
Philippines,107.94,97.77,81.83,76.44,30.21,5.99
Poland,98.13,96.47,99.89,96.44,65.09,9.1
Portugal,115.39,99.85,106.65,94.25,59.52,3.53
Puerto Rico,90.73,99.85,81.33,94.25,82.49,3.53
Qatar,104.81,96.64,92.5,94.44,13.98,10.13
Réunion,104.81,96.64,92.5,94.44,13.98,10.13
Romania,100.15,94.46,90.24,89.01,50.11,5.89
Russia,102.01,97.2,90.49,87.15,72.34,21.94
Rwanda,133.0,59.78,24.28,36.98,4.63,0.36
Saint Barthelemy,133.0,59.78,24.28,36.98,4.63,0.36
Saint Helena,133.0,59.78,24.28,36.98,4.63,0.36
Saint Kitts & Nevis,133.0,59.78,24.28,36.98,4.63,0.36
Saint Lucia,103.48,97.58,84.28,85.38,13.77,0.36
Saint Martin,103.48,97.58,84.28,85.38,13.77,0.36
Saint Pierre & Miquelon,103.48,97.58,84.28,85.38,13.77,0.36
Samoa,106.13,104.88,84.0,103.49,7.56,0.36
San Marino,93.14,93.67,95.59,94.26,63.0,0.36
Sao Tome & Principe,93.14,93.67,95.59,94.26,63.0,0.36
Saudi Arabia,100.78,99.17,97.63,97.09,36.39,6.69
Senegal,78.37,53.98,27.01,27.65,7.93,0.69
Serbia,101.01,99.64,91.23,96.81,47.89,8.08
Seychelles,106.7,106.81,75.77,105.79,5.51,8.08
Sierra Leone,110.39,71.98,41.46,51.17,2.05,0.81
Singapore,110.39,99.26,41.46,102.95,2.05,19.07
Sint Maarten,110.39,99.26,41.46,102.95,2.05,19.07
Slovakia,101.26,95.68,91.43,82.92,45.47,6.91
Slovenia,101.67,97.95,101.63,96.95,77.89,10.64
Solomon Islands,107.53,86.47,35.86,61.88,77.89,10.64
Somalia,29.2,86.47,7.35,61.88,77.89,10.64
South Africa,99.58,89.17,90.05,78.95,19.34,0.4
South Korea,103.53,100.13,96.03,99.42,92.09,23.74
South Sudan,74.19,27.44,9.27,18.0,92.09,23.74
Spain,104.72,98.9,120.24,89.88,73.37,13.06
Sri Lanka,100.46,100.2,98.86,95.15,17.8,8.25
St. Vincent & Grenadines,100.46,100.2,98.86,95.15,17.8,8.25
State of Palestine,100.46,100.2,98.86,95.15,17.8,8.25
Sudan,65.39,59.98,37.38,50.89,12.51,1.33
Suriname,114.38,83.82,75.33,41.63,12.65,1.33
Sweden,105.51,101.06,118.16,101.52,72.69,14.25
Switzerland,103.26,96.54,96.06,95.88,48.72,13.57
Syria,116.55,101.42,64.3,59.34,25.49,2.26
Taiwan,116.55,101.42,64.3,59.34,25.49,2.26
Tajikistan,98.25,97.78,81.51,87.68,22.01,3.85
Tanzania,93.1,71.07,32.55,22.85,1.7,0.36
Thailand,98.33,91.35,83.94,80.67,46.07,8.04
Timor-Leste,121.08,91.31,59.89,74.09,14.54,8.04
Togo,119.29,78.13,42.27,38.4,8.96,1.28
Tokelau,119.29,78.13,42.27,38.4,8.96,1.28
Tonga,110.31,107.51,103.16,89.72,5.24,4.38
Trinidad and Tobago,102.77,92.92,85.51,84.87,8.39,4.83
Tunisia,110.76,96.96,85.51,72.47,30.99,5.62
Turkey,103.08,96.23,88.16,92.96,50.13,4.8
Turkmenistan,89.37,96.23,85.34,92.96,7.98,4.8
Turks and Caicos,89.37,96.23,85.34,92.96,7.98,4.8
Tuvalu,99.15,97.09,79.1,71.73,7.98,4.8
U.S. Virgin Islands,99.15,97.09,79.1,71.73,7.98,4.8
Uganda,123.98,58.41,22.38,23.61,3.74,1.51
Ukraine,105.45,100.57,99.34,99.27,72.68,22.44
United Arab Emirates,100.45,94.4,99.34,82.27,72.68,9.08
United Kingdom,104.55,101.04,103.29,100.75,58.95,13.97
United States,101.04,99.8,95.13,103.88,84.17,24.04
Uruguay,111.76,100.68,99.0,73.27,50.56,3.89
Uzbekistan,100.3,97.54,94.13,94.6,10.64,3.89
Vanuatu,118.8,89.71,43.91,45.1,4.36,3.89
Venezuela,102.12,93.1,77.26,70.84,50.42,2.88
Vietnam,103.5,102.58,77.26,82.87,19.05,2.82
Wallis & Futuna,103.5,102.58,77.26,82.87,19.05,2.82
Western Sahara,103.5,102.58,77.26,82.87,19.05,2.82
Yemen,87.68,63.83,45.72,48.33,10.21,1.22
Zambia,101.74,80.1,45.72,47.76,3.99,0.62
Zimbabwe,99.8,94.08,43.17,67.67,6.38,0.45
