country,population_2020,urban_pop_pct,gdp_per_capita_2020_usd
Afghanistan,39074280,0.25,517.0
Albania,2877239,0.63,5332.0
Algeria,43984569,0.73,3337.0
American Samoa,55169,0.88,15502.0
Andorra,77287,0.88,37207.0
Angola,33032075,0.67,1604.0
Anguilla,15026,,1604.0
Antigua and Barbuda,98069,0.26,14788.0
Argentina,45267449,0.93,8496.0
Armenia,2964219,0.63,4506.0
Aruba,106845,0.44,24488.0
Australia,25550683,0.86,51720.0
Austria,9015361,0.57,48809.0
Azerbaijan,10154978,0.56,4230.0
Bahamas,393893,0.86,4230.0
Bahrain,1711057,0.89,23502.0
Bangladesh,164972348,0.39,2233.0
Barbados,287437,0.31,16644.0
Belarus,9448772,0.79,6543.0
Belgium,11598451,0.98,45518.0
Belize,398845,0.46,5267.0
Benin,12175480,0.48,1238.0
Bermuda,62237,0.97,107792.0
Bhutan,773069,0.46,3010.0
Bolivia,11700207,0.69,3069.0
Bosnia and Herzegovina,3277152,0.52,6012.0
Botswana,2359585,0.73,5863.0
Brazil,212821986,0.88,6794.0
British Virgin Islands,30266,0.52,
Brunei,438202,0.8,
Bulgaria,6939018,0.76,10130.0
Burkina Faso,20997293,0.31,833.0
Burundi,11948454,0.14,217.0
Côte dIvoire,26486282,0.51,217.0
Cabo Verde,557026,0.68,2924.0
Cambodia,16758448,0.24,1578.0
Cameroon,26655083,0.56,1539.0
Canada,37799407,0.81,43258.0
Caribbean Netherlands,26265,0.75,43258.0
Cayman Islands,65854,0.97,83329.0
Central African Republic,4843954,0.43,435.0
Chad,16502877,0.23,644.0
Channel Islands,174140,0.3,
Chile,19144605,0.85,13094.0
China,1440297825,0.61,10409.0
Colombia,50976248,0.8,5307.0
Comoros,872695,0.29,1520.0
Congo,5540555,0.7,1520.0
Cook Islands,17567,0.75,1838.0
Costa Rica,5102158,0.8,12133.0
Croatia,4100719,0.58,14199.0
Cuba,11325391,0.78,9500.0
Curaçao,164211,0.89,9500.0
Cyprus,1208886,0.67,28036.0
Czech Republic (Czechia),10712481,0.74,28036.0
Denmark,5795780,0.88,60915.0
Djibouti,990447,0.79,2918.0
Dominica,72017,0.74,7003.0
Dominican Republic,10866667,0.85,7168.0
DR Congo,90003954,0.46,7168.0
Ecuador,17688599,0.63,5645.0
Egypt,102659126,0.43,5645.0
El Salvador,6491923,0.73,3903.0
Equatorial Guinea,1410419,0.73,6328.0
Eritrea,3554797,0.63,
Estonia,1326693,0.68,23595.0
Eswatini,1162233,0.3,3373.0
Ethiopia,115434444,0.21,919.0
Faeroe Islands,48896,0.43,34330.0
Falkland Islands,3497,0.66,34330.0
Fiji,897573,0.59,4864.0
Finland,5542237,0.86,49171.0
France,65298930,0.82,39055.0
French Guiana,299958,0.87,39055.0
French Polynesia,281191,0.64,18910.0
Gabon,2234448,0.87,6680.0
Gambia,2427782,0.59,6680.0
Georgia,3987805,0.58,4256.0
Germany,83830972,0.76,46773.0
Ghana,31181428,0.57,2177.0
Gibraltar,33689,,
Greece,10413936,0.85,17659.0
Greenland,56787,0.87,54571.0
Grenada,112614,0.35,8438.0
Guadeloupe,400136,,8438.0
Guam,169031,0.95,34781.0
Guatemala,17971382,0.52,4605.0
Guinea,13191279,0.39,1074.0
Guinea-Bissau,1975718,0.45,710.0
Guyana,787215,0.27,6863.0
Haiti,11426356,0.57,1283.0
Holy See,801,,43416.0
Honduras,9931333,0.57,2354.0
Hong Kong,7507523,,2354.0
Hungary,9655983,0.72,16121.0
Iceland,341628,0.94,59200.0
India,1382345085,0.35,1910.0
Indonesia,274021604,0.56,3894.0
Iran,84176929,0.76,3894.0
Iraq,40372771,0.73,4332.0
Ireland,4947267,0.63,85420.0
Isle of Man,85112,0.53,
Israel,8678517,0.93,44847.0
Italy,60446035,0.69,31911.0
Jamaica,2963429,0.55,4897.0
Japan,126407422,0.92,39918.0
Jordan,10220604,0.91,4043.0
Kazakhstan,18815231,0.58,9122.0
Kenya,53968739,0.28,1936.0
Kiribati,119760,0.57,1431.0
Kuwait,4281320,,24300.0
Kyrgyzstan,6542426,0.36,1183.0
Laos,7293542,0.36,2593.0
Latvia,1882408,0.69,18207.0
Lebanon,6819976,0.78,5600.0
Lesotho,2145194,0.31,990.0
Liberia,5077411,0.53,598.0
Libya,6887247,0.78,7568.0
Liechtenstein,38147,0.15,157755.0
Lithuania,2715340,0.71,20340.0
Luxembourg,627704,0.88,117371.0
Macao,650846,,117371.0
Madagascar,27808395,0.39,462.0
Malawi,19211425,0.18,629.0
Malaysia,32436963,0.78,10161.0
Maldives,542151,0.35,7282.0
Mali,20346106,0.44,823.0
Malta,441750,0.93,28978.0
Marshall Islands,59259,0.7,5568.0
Martinique,375213,0.92,5568.0
Mauritania,4669775,0.57,1868.0
Mauritius,1272140,0.41,9007.0
Mayotte,273905,0.46,9007.0
Mexico,129166028,0.84,8655.0
Micronesia,115231,0.21,8655.0
Moldova,4032294,0.43,4501.0
Monaco,39290,,182539.0
Mongolia,3287242,0.67,4041.0
Montenegro,628080,0.68,7677.0
Montserrat,4993,0.1,7677.0
Morocco,36985624,0.64,3258.0
Mozambique,31398811,0.38,450.0
Myanmar,54473253,0.31,1477.0
Namibia,2548663,0.55,4251.0
Nauru,10836,,9308.0
Nepal,29225196,0.21,1139.0
Netherlands,17141544,0.92,52163.0
New Caledonia,285972,0.72,34801.0
New Zealand,4829021,0.87,41597.0
Nicaragua,6638075,0.57,1863.0
Niger,24346468,0.17,565.0
Nigeria,206984347,0.52,2075.0
Niue,1628,0.46,2075.0
North Korea,25798588,0.63,61452.0
North Macedonia,2083359,0.59,5965.0
Northern Mariana Islands,57619,0.88,
Norway,5428594,0.83,67329.68
Oman,5128058,0.87,16707.62
Pakistan,221612785,0.35,1322.32
Palau,18109,,14016.25
Panama,4326296,0.68,12569.17
Papua New Guinea,8975531,0.13,2446.07
Paraguay,7147553,0.62,5353.35
Peru,33050211,0.79,6056.34
Philippines,109830324,0.47,3224.42
Poland,37839255,0.6,15816.99
Portugal,10191409,0.66,22242.41
Puerto Rico,2846860,,31393.91
Qatar,2889284,0.96,52315.66
Réunion,896422,1.0,52315.66
Romania,19214608,0.55,13047.43
Russia,145945524,0.74,13047.43
Rwanda,13005303,0.18,774.69
Saint Barthelemy,9882,,774.69
Saint Helena,6080,0.27,774.69
Saint Kitts & Nevis,53264,0.33,774.69
Saint Lucia,183774,0.19,774.69
Saint Martin,38778,,774.69
Saint Pierre & Miquelon,5789,1.0,774.69
Samoa,198643,0.18,4042.75
San Marino,33944,0.97,45320.21
Sao Tome & Principe,219844,0.74,45320.21
Saudi Arabia,34905942,0.84,19539.57
Senegal,16816539,0.49,1490.2
Serbia,8731081,0.56,7733.8
Seychelles,98453,0.56,12808.99
Sierra Leone,8004158,0.43,493.48
Singapore,5858322,,60729.45
Sint Maarten,42960,0.96,60729.45
Slovakia,5460109,0.54,19545.74
Slovenia,2078989,0.55,25545.24
Solomon Islands,689671,0.23,2222.47
Somalia,15965848,0.47,416.22
South Africa,59436725,0.67,5741.64
South Korea,51276977,0.82,1852.3
South Sudan,11216250,0.25,
Spain,46757980,0.8,26959.68
Sri Lanka,21428970,0.18,3893.84
St. Vincent & Grenadines,111002,0.53,
State of Palestine,5121112,0.8,8335.26
Sudan,44019263,0.35,608.33
Suriname,587541,0.65,4796.53
Sweden,10110233,0.88,52837.9
Switzerland,8665615,0.74,85656.32
Syria,17571053,0.6,85656.32
Taiwan,23824369,0.79,533.39
Tajikistan,9573310,0.27,852.33
Tanzania,60012400,0.37,1042.1
Thailand,69830779,0.51,6990.94
Timor-Leste,1322667,0.33,1660.31
Togo,8310934,0.43,897.19
Tokelau,1360,,897.19
Tonga,105901,0.24,4606.06
Trinidad and Tobago,1400283,0.52,13871.8
Tunisia,11839918,0.7,3497.68
Turkey,84495243,0.76,3497.68
Turkmenistan,6046292,0.53,
Turks and Caicos,38806,0.89,
Tuvalu,11817,0.62,4973.77
U.S. Virgin Islands,104398,0.96,4973.77
Uganda,45974931,0.26,846.77
Ukraine,43686577,0.69,3751.74
United Arab Emirates,9910892,0.86,37629.17
United Kingdom,67948282,0.83,40318.56
United States,331341050,0.83,63530.63
Uruguay,3475842,0.96,15619.54
Uzbekistan,33551824,0.5,1749.66
Vanuatu,308337,0.24,2877.52
Venezuela,28421581,,2877.52
Vietnam,97490013,0.38,3586.35
Wallis & Futuna,11203,,39552.17
Western Sahara,599769,0.87,3233.57
Yemen,29935468,0.38,10883.08
Zambia,18468257,0.45,956.83
Zimbabwe,14899771,0.38,1372.7
